User_ID,Total_Number_Of_Posts,Total_Post_Score,Total_Number_Of_Comments_Made,Total_Comment_Score
NihiloEx,100,62289,100,1132
Transitionals,92,1307,100,719
King1003,100,44031,100,555
mr_I_cant_meme,100,120803,100,344
VaastavB,51,836,100,1812
sam-sepiol,52,1456,100,981
_rickjames,100,4032,100,389
SexMan69x,17,98,100,442
skepticallyskeptic1,100,18973,100,583
Hikikomori79,13,1084,12,94
AIienreborn,100,9592,100,956
mammary_man,16,403,100,370
coverdriveshot,100,4329,100,501
amu1996,4,3,2,-11
notingelsetodo,100,1421,100,486
prashant_foodie,18,603,100,1093
sscomp32,100,5744,100,230
Impossibletoresistme,6,458,100,385
rammittal180,29,1559,100,492
CricketMatchBot,100,2520,100,118
PsychologicalLoad1,9,31,100,370
FailingtoFail,12,441,48,461
TheAndroidLaddie,13,31,82,142
colonel-almagro,4,689,19,69
sidechaincompression,81,2480,100,337
Octaldude,93,3844,100,430
OzFootball,100,4209,45,1433
cricketfan27488,65,2006,100,1100
Killing_Medusa,3,23,100,838
Devildev11,17,139,100,751
gobsmacked3,5,31,18,41
rokkmrt3,6,1646,27,178
Ukgamer125,100,16061,100,775
Benny4318,25,2837,100,1141
1stPhoton,4,75,100,524
mojambowhatisthescen,100,12862,100,4026
DiamondMinah,100,4673,100,392
Batman007700,4,32,57,259
ArchipelagoMind,81,12332,100,2355
Roflopter,3,37,100,370
adusumir,100,2528,100,448
RTG-rohittugaya,25,3126,100,470
iHaveFourSlowerBalls,23,2113,100,694
ColonelFogsworth,100,3464,100,622
CakesnCricket,50,237,100,410
turtlemons,100,3732,100,677
EpiDeMic522,37,899,100,1584
Snack_Sized_Denzel,2,4,12,207
pringle_8642,70,15444,100,490
shoppingbagdrizzyy,12,2964,100,659
Yay_Yay_3780,14,705,100,323
Jill_Sandwich98,1,14,8,6
PonderousIdo,100,2315,100,393
polopiko,100,16030,100,479
themaratha,100,2481,100,485
William101blake,3,0,9,17
naughty_ningen,100,7270,100,714
justice-wargrave,18,496,100,5312
ap_100,4,1277,4,350
hganjoo153,1,56,0,0
Doj123monk,20,339,17,36
mac19thecook,80,14226,100,469
Foothill_r34,56,858,100,313
SepulchreOfAzrael,100,5750,100,562
jedimomos,35,2897,100,674
sajdx1,100,17246,100,577
RealityF,100,4631,100,583
TheJeck,100,22218,100,3013
Ben_Bonsey,3,8,1,1
IMadeThisInClass,18,261,100,449
space_pirate65,65,7161,100,1146
appgeek,56,747,100,1012
benjaneson,100,127607,100,3403
TaylorSwiftIsGod_01,35,3313,100,417
Artaxerxes_IV,71,2157,100,728
tbouniverse,22,227,89,177
yashsq,4,181,39,166
kutteykabacha,100,5319,100,2390
Treyarde,24,402,100,1210
simbbbaaa,45,1253,100,248
Mr_AA999,5,93,100,661
TheFedoraKnight,100,22217,100,774
guyhutookatit8,40,1521,100,415
blueflagged,100,5827,100,447
Greenhaagen,23,937,100,952
thepokemonchef,22,348,100,642
Heyheyhey781,12,433,100,921
aussiespinnerfanpage,1,5,90,184
okaywhat22,100,16108,100,1023
MGsquare,100,5053,100,489
tailendertripe,100,8327,100,1284
chotu_ustaad,100,8035,100,1162
coolseraz,100,5180,100,2228
oxygenballad,6,252,64,507
imgcricketguard,5,18,0,0
ZombieGombie,44,105080,100,3021
silver565,67,1755,100,431
HarryMX,60,5584,100,4313
BE3N,100,2562,100,534
__Rudolph_Hitler__,88,8863,100,981
dhruvchouhan,20,6666,75,2202
that_introverted_guy,100,29423,100,1716
NiallH22,100,4610,100,710
adxx12in,77,5742,100,622
aravind318,15,815,100,492
iamfz,76,4615,100,796
Mikolaj_Kopernik,100,3038,100,536
fleetintelligence,100,4022,100,601
ithisem,9,68,100,384
Look_Alive,100,26411,100,1410
KingKthe9,3,5,49,493
bdcrictime,25,104,5,1
Gvoid_,70,10898,100,673
quietcrisp,27,11812,100,6475
RohitSharma264,51,35478,48,125
Aislabie,100,6695,100,509
Mellow__Martian,100,5116,100,263
makeimpact,69,6283,100,217
FarmFun,22,933,100,553
madaboutsports,24,973,33,63
behind_th_glass,100,2716,100,377
