Player_ID,Content,Created_Time,Up_vote_Count,Down_vote_Count,Post_ID,User_ID,Comments_Count,Content_Title
ejgmorgan,"Match Thread: Windies v England, 1st T20I, Darren Sammy National Cricket Stadium, St Lucia",2019-03-05 14:45:37,27,0,axpb6s,_rickjames,311,"Match Thread: Windies v England, 1st T20I, Darren Sammy National Cricket Stadium, St Lucia"
ejgmorgan,Eoin Morgan in his last 10 ODIs : 574 runs @ 114.8 average and 101 strike rate. No dismissal under score of 50.,2019-03-01 23:52:34,150,0,awe2oo,dhruvchouhan,38,Eoin Morgan in his last 10 ODIs : 574 runs @ 114.8 average and 101 strike rate. No dismissal under score of 50.
ejgmorgan,What an over from Adil Rashid,2019-02-27 16:53:33,85,0,aviyio,adxx12in,33,What an over from Adil Rashid
ejgmorgan,Eoin Morgan becomes the first England batsman to go past 6000 ODI runs.,2019-02-27 13:55:10,68,0,avgxyp,NiallH22,15,Eoin Morgan becomes the first England batsman to go past 6000 ODI runs.
ejgmorgan,"When a World Cup comes around, it is very similar to the impact of an Olympics or Commonwealth Games - Eoin Morgan",2019-02-20 00:42:43,39,0,askl18,naughty_ningen,12,"When a World Cup comes around, it is very similar to the impact of an Olympics or Commonwealth Games - Eoin Morgan"
jeroot,"Virat Kohli has 40 ODI centuries. Smith, Root and Williamson have a combined 33 ODI centuries.",2019-03-05 06:25:10,155,0,axk3wq,King1003,66,"Virat Kohli has 40 ODI centuries. Smith, Root and Williamson have a combined 33 ODI centuries."
jeroot,For anyone who wants to watch some good cricket...,2019-03-05 00:37:02,4,0,axhiv4,aussiespinnerfanpage,0,For anyone who wants to watch some good cricket...
jeroot,Current players who make it to their respective National All-time-great Test team,2019-03-03 00:25:33,6,0,awqxxt,appgeek,72,Current players who make it to their respective National All-time-great Test team
jeroot,Ashes XI armchair selectors meeting,2019-02-28 07:05:11,21,0,avqd3b,Aislabie,31,Ashes XI armchair selectors meeting
jeroot,Real test of best opening test batsman - Average balls faced,2019-02-26 16:50:41,42,0,av52s3,ArchipelagoMind,32,Real test of best opening test batsman - Average balls faced
jeroot,Test match team of the decade,2019-02-22 02:57:16,13,0,ateuaw,Foothill_r34,12,Test match team of the decade
jeroot,Joe Root becomes 4th fastest to 5000 ODI runs (116 innings),2019-02-20 16:53:27,112,0,asubxw,Ukgamer125,43,Joe Root becomes 4th fastest to 5000 ODI runs (116 innings)
jeroot,Root getting 100s in 2 consecutive games is a sign of the apocalypse,2019-02-20 18:57:17,23,0,asvtft,TheFedoraKnight,10,Root getting 100s in 2 consecutive games is a sign of the apocalypse
jcbuttler,List of players who scored 150+ scores in ODIs at least once,2019-03-06 11:49:26,27,0,ay0xy5,Treyarde,9,List of players who scored 150+ scores in ODIs at least once
jcbuttler,Gayle on Jos Buttler,2019-02-28 07:06:58,592,0,avqdlq,naughty_ningen,95,Gayle on Jos Buttler
jcbuttler,Jos Buttler becomes one of four batsmen ever to have an average over 40 with a strike rate over 100,2019-02-28 12:17:35,83,0,avtklg,mammary_man,37,Jos Buttler becomes one of four batsmen ever to have an average over 40 with a strike rate over 100
jcbuttler,Jos Buttler 150(77) v Windies - 13 Fours 12 Sixes - 4th ODI,2019-02-28 00:14:06,247,0,avn8pz,skepticallyskeptic1,27,Jos Buttler 150(77) v Windies - 13 Fours 12 Sixes - 4th ODI
jcbuttler,"Jos Buttler hit 150 off 77 balls. His 12 sixes were a record for an Englishman in an ODI, and the team total of 24 sixes is an ODI record.",2019-02-27 12:31:03,536,0,avfzy7,TheJeck,87,"Jos Buttler hit 150 off 77 balls. His 12 sixes were a record for an Englishman in an ODI, and the team total of 24 sixes is an ODI record."
jcbuttler,Post Match Thread: 4th ODI - West Indies v England (England win by 29 runs),2019-02-27 16:52:52,99,0,aviya0,quietcrisp,67,Post Match Thread: 4th ODI - West Indies v England (England win by 29 runs)
jcbuttler,Cant stop watching these highlights,2019-02-28 09:43:35,0,0,avruxc,Ben_Bonsey,0,Cant stop watching these highlights
jcbuttler,"Can someone do a graph of how many balls it takes ODI batsmen to get 54 runs, and then draw Jos Buttler is here?",2019-02-27 14:48:39,9,0,avhjjc,sidechaincompression,5,"Can someone do a graph of how many balls it takes ODI batsmen to get 54 runs, and then draw Jos Buttler is here?"
jcbuttler,"England squad for T20 series against the West Indies. Buttler, Stokes and Roy left out, Billlings, Malan and Jordan in",2019-02-21 07:35:53,20,0,at2ngr,_rickjames,19,"England squad for T20 series against the West Indies. Buttler, Stokes and Roy left out, Billlings, Malan and Jordan in"
jcbuttler,Jos Buttlers 4* off 1 ball edged him into second place on all-time strike rates for batsmen with 1000+ ODI runs. 117.08 just pips Shahid Afridis 117.00. Still lagging behind Glenn Maxwells 121.64 though #slowcoach,2019-02-20 19:05:54,196,0,asvwzi,Look_Alive,48,Jos Buttlers 4* off 1 ball edged him into second place on all-time strike rates for batsmen with 1000+ ODI runs. 117.08 just pips Shahid Afridis 117.00. Still lagging behind Glenn Maxwells 121.64 though #slowcoach
jcbuttler,My Take on SRHs 2019 IPL Season,2019-02-20 22:24:40,21,0,asy2ps,thepokemonchef,31,My Take on SRHs 2019 IPL Season
jcbuttler,Match Thread: 1st ODI - West Indies v England,2019-02-20 09:02:11,184,0,asonmf,CricketMatchBot,2563,Match Thread: 1st ODI - West Indies v England
dawarner,A look at kxip squad!,2019-03-06 04:13:26,21,0,axwv20,turtlemons,36,A look at kxip squad!
dawarner,Can Smith and Warner walk in to WC 15 without playing any recent matches.,2019-03-03 13:45:00,5,0,awx0ih,Killing_Medusa,11,Can Smith and Warner walk in to WC 15 without playing any recent matches.
dawarner,Need to be smarter: Calls for David Warner to bat in Australian middle order,2019-02-26 22:18:39,10,0,av8h1l,Mellow__Martian,11,Need to be smarter: Calls for David Warner to bat in Australian middle order
dawarner,Australias ODI Wicketkeeper Conundrum,2019-02-22 03:03:49,12,0,atew3i,ithisem,38,Australias ODI Wicketkeeper Conundrum
dawarner,My take on KKRs 2019 IPL season,2019-02-20 10:07:12,25,0,aspd1h,adusumir,13,My take on KKRs 2019 IPL season
spdsmith,"First time I‚Äôm seeing Steve smith hair so messy , maybe he lost his hair brand‚Äôs sponsorships",2019-03-05 02:10:52,71,0,axiajk,jedimomos,16,"First time I‚Äôm seeing Steve smith hair so messy , maybe he lost his hair brand‚Äôs sponsorships"
spdsmith,"Match Thread: Fox Cricket National Premier t20 tournament, Day 1",2019-03-04 17:30:31,9,0,axdcw9,King1003,15,"Match Thread: Fox Cricket National Premier t20 tournament, Day 1"
spdsmith,Match Thread: 1st T20I - India Women v England Women,2019-03-03 23:31:09,8,0,ax2y2q,CricketMatchBot,16,Match Thread: 1st T20I - India Women v England Women
spdsmith,Who played the worst in their 69th test? and more,2019-03-02 03:33:12,74,0,awfpw6,Benny4318,14,Who played the worst in their 69th test? and more
spdsmith,Steve Smith Back In Nets,2019-03-01 00:44:03,75,0,aw18dj,VaastavB,70,Steve Smith Back In Nets
spdsmith,Pavilion named in honour of Devon Smith,2019-02-28 03:39:43,3,0,avoud9,iamfz,5,Pavilion named in honour of Devon Smith
spdsmith,"Elder Wand ranking in Test Cricket, and who is No.1?",2019-02-27 02:17:00,60,0,avalxf,Benny4318,22,"Elder Wand ranking in Test Cricket, and who is No.1?"
spdsmith,South Africa All Time World Cup XI by Cricinfo,2019-02-26 04:51:25,3,0,auxp1p,mac19thecook,9,South Africa All Time World Cup XI by Cricinfo
spdsmith,Top 10 Test Batting Performances of the 2010s,2019-02-23 20:40:15,50,0,au2ubo,oxygenballad,33,Top 10 Test Batting Performances of the 2010s
spdsmith,Amla passes Graeme Smith on SA all-time Test run scorers list,2019-02-24 03:57:52,6,0,au68i9,BE3N,2,Amla passes Graeme Smith on SA all-time Test run scorers list
hmamla,South Africa - Test XI vs Kolpak XI,2019-02-26 08:59:25,32,0,auzqtm,Aislabie,27,South Africa - Test XI vs Kolpak XI
hmamla,"Hashim Amla on his way out? Has a bating average of 26.07 in Tests since Dec 17, with no centuries and an ODI average of 35.26 with just one ton.",2019-02-23 22:15:37,27,0,au3ozw,polopiko,22,"Hashim Amla on his way out? Has a bating average of 26.07 in Tests since Dec 17, with no centuries and an ODI average of 35.26 with just one ton."
hmamla,POST MATCH THREAD: 2ND TEST SRI LANKA BEAT SOUTH AFRICA BY 8 WICKETS AND WIN THE SERIES 2-0,2019-02-23 05:08:06,176,0,attzby,HarryMX,118,POST MATCH THREAD: 2ND TEST SRI LANKA BEAT SOUTH AFRICA BY 8 WICKETS AND WIN THE SERIES 2-0
hmamla,Everything I think that is wrong with South African Cricket.,2019-02-23 07:20:19,4,0,atuy6q,FailingtoFail,5,Everything I think that is wrong with South African Cricket.
damiller,Cold beer for warm durban! Come on miller!,2019-02-26 09:04:42,30,0,auzsu0,FailingtoFail,5,Cold beer for warm durban! Come on miller!
damiller,Who do you consider your nations best-ever Test players by position?,2019-02-24 06:50:42,24,0,au79x2,benjaneson,80,Who do you consider your nations best-ever Test players by position?
dwsteyn,"Bangladesh‚Äôs miserable away tours, and lack of quality seamers",2019-03-01 00:39:37,38,0,aw170i,okaywhat22,31,"Bangladesh‚Äôs miserable away tours, and lack of quality seamers"
dwsteyn,How many despites can we assign to Sri Lankas series win?,2019-02-23 11:21:01,44,0,atx27s,Artaxerxes_IV,11,How many despites can we assign to Sri Lankas series win?
dwsteyn,421 was just a number that I had to go past to get where I wanted to go - Dale Steyn,2019-02-22 12:31:52,47,0,atkce8,AIienreborn,4,421 was just a number that I had to go past to get where I wanted to go - Dale Steyn
dwsteyn,"Match Thread: 2nd Test - South Africa v Sri Lanka, Day 1",2019-02-21 02:09:25,94,0,at06jh,CricketMatchBot,546,"Match Thread: 2nd Test - South Africa v Sri Lanka, Day 1"
dwsteyn,"TIL Sandeep Lamichhane, Dale Steyn and Morne Morkel are the only cricketers to have made their international debut in a format for a team not representing a particular country.",2019-02-20 04:36:08,36,0,asmf16,naughty_ningen,16,"TIL Sandeep Lamichhane, Dale Steyn and Morne Morkel are the only cricketers to have made their international debut in a format for a team not representing a particular country."
dwsteyn,Steyn is probably the greatest fast bowler of modern generation.,2019-02-20 02:00:57,51,0,asl932,Doj123monk,76,Steyn is probably the greatest fast bowler of modern generation.
mmorkel,Morne Morkel: Former South Africa bowler signs new Surrey contract till 2020 season,2019-03-04 11:32:03,28,0,ax91kw,_rickjames,6,Morne Morkel: Former South Africa bowler signs new Surrey contract till 2020 season
mmorkel,Morkel could be a local for BBL|10,2019-03-04 00:00:15,5,0,ax37a0,King1003,8,Morkel could be a local for BBL|10
mmorkel,Morkel foresees more Saffas signing Kolpak deals,2019-03-02 04:01:12,17,0,awfwhn,BE3N,2,Morkel foresees more Saffas signing Kolpak deals
mmorkel,Albie Morkels local swansong will be against Notts,2019-03-01 10:41:51,14,0,aw6aj2,BE3N,0,Albie Morkels local swansong will be against Notts
chgayle,IPL Flashback 2018 - Top 10 SIX Hitters [#9 Chris Gayle],2019-03-06 14:04:56,4,0,ay2ixc,sscomp32,0,IPL Flashback 2018 - Top 10 SIX Hitters [#9 Chris Gayle]
chgayle,Is Chris Gayle going to retire from ODIs after World Cup..?,2019-03-06 00:55:19,0,0,axvfw2,William101blake,7,Is Chris Gayle going to retire from ODIs after World Cup..?
chgayle,Nasser Hussain realizes he has something in common with Chris Gayle,2019-03-03 10:35:21,1188,0,awv18o,dhruvchouhan,37,Nasser Hussain realizes he has something in common with Chris Gayle
chgayle,Dhoni (37) and Gayle (39) winning man of the series awards in ODIs in 2019.,2019-03-03 11:57:13,103,0,awvu6l,that_introverted_guy,33,Dhoni (37) and Gayle (39) winning man of the series awards in ODIs in 2019.
chgayle,Chris Gayle smashes the fastest ODI 50 by a Windies batsman,2019-03-02 13:06:40,473,0,awkfoi,shoppingbagdrizzyy,57,Chris Gayle smashes the fastest ODI 50 by a Windies batsman
chgayle,"Chris Gayle in the ODI series versus England : 135(129) , 50(63) , 162(97) , 77(27) . Universe Boss Indeed!",2019-03-02 13:13:14,293,0,awki6b,skepticallyskeptic1,45,"Chris Gayle in the ODI series versus England : 135(129) , 50(63) , 162(97) , 77(27) . Universe Boss Indeed!"
chgayle,Gayle mistakes ODI for T20 (funny fake news),2019-03-03 02:49:53,3,0,awrxhq,blueflagged,0,Gayle mistakes ODI for T20 (funny fake news)
chgayle,Is star sports monopolizing cricket too much ?,2019-03-02 01:59:14,2,0,awf232,MGsquare,5,Is star sports monopolizing cricket too much ?
chgayle,Chris Gayle 162(97) v England - 11 Fours 14 Sixes - 4th ODI,2019-02-28 00:16:01,167,0,avn9ac,skepticallyskeptic1,21,Chris Gayle 162(97) v England - 11 Fours 14 Sixes - 4th ODI
chgayle,Rare video of Gayle running a quick 2.,2019-02-24 13:02:12,85,0,auaj4v,Heyheyhey781,5,Rare video of Gayle running a quick 2.
chgayle,England target early wicket of destructive Chris Gayle as West Indies tour reaches Grenada [Wigmore analysis of Gayles start slow style],2019-02-24 21:09:50,14,0,aufmej,Mikolaj_Kopernik,3,England target early wicket of destructive Chris Gayle as West Indies tour reaches Grenada [Wigmore analysis of Gayles start slow style]
chgayle,Gayle brings new kind of celebration into world cricket.,2019-02-20 13:51:44,1089,0,ass2gw,jedimomos,122,Gayle brings new kind of celebration into world cricket.
chgayle,Chris Gayle.,2019-02-21 07:00:41,40,0,at2c79,adxx12in,8,Chris Gayle.
chgayle,Chris Gayle‚Äôs sizes set to epic orchestral backing,2019-02-20 23:57:34,121,0,asz01u,tailendertripe,19,Chris Gayle‚Äôs sizes set to epic orchestral backing
chgayle,"Chris Gayle just got to a 100 on his return to ODI cricket, hitting 9 sixes and 3 fours on the way there!",2019-02-20 12:45:28,368,0,asr8p7,mojambowhatisthescen,61,"Chris Gayle just got to a 100 on his return to ODI cricket, hitting 9 sixes and 3 fours on the way there!"
chgayle,Teams Chris Gayle player so far,2019-02-20 12:41:02,104,0,asr6qx,notingelsetodo,48,Teams Chris Gayle player so far
chgayle,Chris Gayle becomes highest six getter in International Cricket history.,2019-02-20 11:06:24,110,0,asq1pe,dhruvchouhan,31,Chris Gayle becomes highest six getter in International Cricket history.
chgayle,"Gayles MAGNIFICENT innings wasnt that at the start. It was a struggle, a blockathon interspersed with the occasional plays-and-misses. Seeing it live brought back memories of Pollards jibe at Ahmed Shehzad (Jump to 00:40 if you directly want the sledge).",2019-02-21 04:50:35,4,0,at1d9q,EpiDeMic522,3,"Gayles MAGNIFICENT innings wasnt that at the start. It was a struggle, a blockathon interspersed with the occasional plays-and-misses. Seeing it live brought back memories of Pollards jibe at Ahmed Shehzad (Jump to 00:40 if you directly want the sledge)."
chgayle,Chris Gayle: The modern legend in test & Odis as well.,2019-02-20 13:54:06,0,0,ass3jh,Doj123monk,3,Chris Gayle: The modern legend in test & Odis as well.
vkohli,I got a question for you guys:Would 11 batsmen beat 11 bowlers?,2019-03-06 10:23:48,32,0,axzzd0,FailingtoFail,50,I got a question for you guys:Would 11 batsmen beat 11 bowlers?
vkohli,Obligatory Kohli post warning - VK the Captain,2019-03-06 00:09:36,172,0,axv2a4,ZombieGombie,54,Obligatory Kohli post warning - VK the Captain
vkohli,India is blessed with three captains,2019-03-05 17:26:08,81,0,axr4l9,tbouniverse,22,India is blessed with three captains
vkohli,Runs scored with & without Kohli,2019-03-05 06:58:13,447,0,axkd28,Octaldude,45,Runs scored with & without Kohli
vkohli,Kohli and Rohit after todays win. This is one bromance I can get behind..,2019-03-05 11:33:08,188,0,axn2rj,rokkmrt3,37,Kohli and Rohit after todays win. This is one bromance I can get behind..
vkohli,#kohlistats,2019-03-05 11:52:14,136,0,axnao6,rokkmrt3,10,#kohlistats
vkohli,"[POST MATCH THREAD] India vs Australia at the Vidarbha Cricket Association Stadium, Nagpur, 2nd ODI, Australia tour of India 2019",2019-03-05 10:56:50,141,0,axmnmg,__Rudolph_Hitler__,358,"[POST MATCH THREAD] India vs Australia at the Vidarbha Cricket Association Stadium, Nagpur, 2nd ODI, Australia tour of India 2019"
vkohli,"Virat Kohli celebrates his 40th ODI hundred, 2nd ODI vs Australia, Nagpur",2019-03-05 06:37:06,272,0,axk74o,naughty_ningen,62,"Virat Kohli celebrates his 40th ODI hundred, 2nd ODI vs Australia, Nagpur"
vkohli,Kohli v Sachin after 40 Odi centuries,2019-03-05 08:23:25,191,0,axl3yf,Octaldude,82,Kohli v Sachin after 40 Odi centuries
vkohli,"King Kohli moves to third spot behind Little Master & Punter for most international hundreds (combined Tests, ODIs & T20I)",2019-03-05 18:00:42,31,0,axri4e,RTG-rohittugaya,13,"King Kohli moves to third spot behind Little Master & Punter for most international hundreds (combined Tests, ODIs & T20I)"
vkohli,Virat Kohli scores his 40th ODI century! - 116(120) v Australia - 10 Fours - 2nd ODI,2019-03-05 07:18:53,103,0,axkivl,skepticallyskeptic1,21,Virat Kohli scores his 40th ODI century! - 116(120) v Australia - 10 Fours - 2nd ODI
vkohli,Virat Kohli,2019-03-06 14:05:15,0,0,ay2j2g,guyhutookatit8,3,Virat Kohli
vkohli,"Kohli winning man of the match, Stoinis scoring 50+ in a lone-wolf effort with the lower order, Kuldeep taking 3 wickets, and India defending 250 in the 2nd ODI after a good Aussie top order partnership. I thought todays match felt familiar.",2019-03-05 14:35:31,15,0,axp6rv,Mr_AA999,8,"Kohli winning man of the match, Stoinis scoring 50+ in a lone-wolf effort with the lower order, Kuldeep taking 3 wickets, and India defending 250 in the 2nd ODI after a good Aussie top order partnership. I thought todays match felt familiar."
vkohli,Virat Kohli has now hit exactly 1000 4s in his ODI career,2019-03-05 11:37:33,12,0,axn4kr,Jill_Sandwich98,3,Virat Kohli has now hit exactly 1000 4s in his ODI career
vkohli,"ELI5, why is Viv Richards considered the greatest ODI batsman.",2019-03-05 13:43:43,0,0,axole8,CakesnCricket,17,"ELI5, why is Viv Richards considered the greatest ODI batsman."
vkohli,Adam Zampa v Virat Kohli in all internationals,2019-03-04 12:57:18,37,0,axa2z9,sam-sepiol,28,Adam Zampa v Virat Kohli in all internationals
vkohli,"I was doing some kohlistats research and discovered he reached a new milestone yesterday. Kohli has now hit 1,000 fours in ODIs!",2019-03-05 16:18:28,0,0,axqd43,DiamondMinah,2,"I was doing some kohlistats research and discovered he reached a new milestone yesterday. Kohli has now hit 1,000 fours in ODIs!"
vkohli,Williamson closes in on Kohli at top of Test rankings,2019-03-04 01:12:21,101,0,ax3thf,PonderousIdo,48,Williamson closes in on Kohli at top of Test rankings
vkohli,"Prove Me Wrong: Kohli is an ODI gun, but his stats are inflated by two white balls",2019-03-04 21:44:41,1,0,axg0q5,IMadeThisInClass,27,"Prove Me Wrong: Kohli is an ODI gun, but his stats are inflated by two white balls"
vkohli,Kohli and Ponting at their best.,2019-03-02 18:23:21,398,0,awnrmx,space_pirate65,84,Kohli and Ponting at their best.
vkohli,RCB Playing XI,2019-03-04 06:40:08,0,0,ax66r1,themaratha,20,RCB Playing XI
vkohli,"[POST MATCH THREAD] India vs Australia at the Rajiv Gandhi International Stadium, Hyderabad, 1st ODI, 2019",2019-03-02 10:52:40,143,0,awj138,__Rudolph_Hitler__,212,"[POST MATCH THREAD] India vs Australia at the Rajiv Gandhi International Stadium, Hyderabad, 1st ODI, 2019"
vkohli,India Vs Australia- Stadium Fan Report,2019-03-02 12:10:17,64,0,awjtlw,cricketfan27488,16,India Vs Australia- Stadium Fan Report
vkohli,Ajay Jadeja‚Äôs ridiculous world cup 15,2019-03-02 16:30:14,16,0,awmmmk,Transitionals,8,Ajay Jadeja‚Äôs ridiculous world cup 15
vkohli,Dhoni and Kohli in Indias New ODI Jersey,2019-03-01 07:34:24,44,0,aw4dwb,SepulchreOfAzrael,43,Dhoni and Kohli in Indias New ODI Jersey
vkohli,IPL will have no bearing on World Cup selection: Virat Kohli,2019-03-01 05:29:15,54,0,aw3d0j,rammittal180,21,IPL will have no bearing on World Cup selection: Virat Kohli
vkohli,Ajay Jadeja is a knobhead!,2019-03-01 04:27:37,56,0,aw2wuq,SexMan69x,53,Ajay Jadeja is a knobhead!
vkohli,Is Kohli at No.4 worth the gamble?,2019-03-01 12:41:30,9,0,aw7hfv,shoppingbagdrizzyy,15,Is Kohli at No.4 worth the gamble?
vkohli,Why is top order immune to rotation while middle order is made to play situational?,2019-03-01 16:22:37,2,0,aw9wer,turtlemons,2,Why is top order immune to rotation while middle order is made to play situational?
vkohli,Virat Kohli Speaks Ahead of Indias ODI Series Against Australia | The Quint,2019-03-01 07:55:01,4,0,aw4kfw,coverdriveshot,1,Virat Kohli Speaks Ahead of Indias ODI Series Against Australia | The Quint
vkohli,"Why has cricket been an immense success story in Asia, and not in other places?",2019-02-28 10:54:38,65,0,avsma9,prashant_foodie,92,"Why has cricket been an immense success story in Asia, and not in other places?"
vkohli,Virat Kohli achieves an average of 50 in all 3 formats for the 2nd time in his career,2019-02-27 10:50:20,326,0,avewg1,guyhutookatit8,72,Virat Kohli achieves an average of 50 in all 3 formats for the 2nd time in his career
vkohli,Virat Kohli the hero of Test crickets renaissance,2019-02-27 09:05:29,37,0,avdtto,Look_Alive,15,Virat Kohli the hero of Test crickets renaissance
vkohli,Questions for indian t20 team,2019-02-27 19:49:42,0,0,avktok,turtlemons,3,Questions for indian t20 team
vkohli,"[POST MATCH THREAD] India vs Australia at Dr. Y.S. Rajasekhara Reddy ACA-VDCA Cricket Stadium, Visakhapatnam, 1st T20I, 2019",2019-02-24 11:45:29,110,0,au9p3m,__Rudolph_Hitler__,248,"[POST MATCH THREAD] India vs Australia at Dr. Y.S. Rajasekhara Reddy ACA-VDCA Cricket Stadium, Visakhapatnam, 1st T20I, 2019"
vkohli,Need to Give Rahul and Pant More Game Time Before World Cup: Kohli,2019-02-24 14:15:46,10,0,aubcvr,Impossibletoresistme,29,Need to Give Rahul and Pant More Game Time Before World Cup: Kohli
vkohli,"Indias team will stand by the decision of their government and board over whether to boycott the World Cup game against Pakistan, says Virat Kohli.",2019-02-24 05:33:59,25,0,au6t7p,rokkmrt3,26,"Indias team will stand by the decision of their government and board over whether to boycott the World Cup game against Pakistan, says Virat Kohli."
vkohli,Bold Prediction thread for upcoming India vs Australia tour.,2019-02-24 04:23:41,24,0,au6dx2,Gvoid_,26,Bold Prediction thread for upcoming India vs Australia tour.
vkohli,Indian Cricket Team : Team of Champions,2019-02-24 21:05:02,0,0,aufkrx,amu1996,6,Indian Cricket Team : Team of Champions
vkohli,Virat Kohli Addresses News briefing At Vizag Ahead Of Indias Match Versus Australia,2019-02-23 01:52:34,25,0,atsk95,coverdriveshot,6,Virat Kohli Addresses News briefing At Vizag Ahead Of Indias Match Versus Australia
vkohli,Virat Kohli‚Äôs Message to India Teammates: Okay to Skip Games During IPL,2019-02-23 06:18:50,9,0,atuhv2,RealityF,10,Virat Kohli‚Äôs Message to India Teammates: Okay to Skip Games During IPL
vkohli,"Ross Taylor becomes the 4th fastest batsman to score 8,000 ODI runs (203 innings); behind only Virat Kohli, AB de Villiers and Sourav Ganguly",2019-02-19 19:24:15,680,0,ashigo,colonel-almagro,86,"Ross Taylor becomes the 4th fastest batsman to score 8,000 ODI runs (203 innings); behind only Virat Kohli, AB de Villiers and Sourav Ganguly"
vkohli,There has been a lot of debate over Kohli at No. 4 for the world cup. Tendulkar was forced to play at No.4 for the 2007 world cup by Chappell and that plan backfired spectacularly. What are your thoughts about this?,2019-02-20 00:14:32,41,0,askbsc,aravind318,52,There has been a lot of debate over Kohli at No. 4 for the world cup. Tendulkar was forced to play at No.4 for the 2007 world cup by Chappell and that plan backfired spectacularly. What are your thoughts about this?
msdhoni,Dhoni Refuses to Inaugurate Pavilion Named After Him in Ranchi,2019-03-06 11:20:01,68,0,ay0lz7,chotu_ustaad,31,Dhoni Refuses to Inaugurate Pavilion Named After Him in Ranchi
msdhoni,bettee version of the pitch invasion video! ps: the jersey says thala(nickname of dhoni in Southern India),2019-03-05 11:50:22,182,0,axn9sr,mr_I_cant_meme,35,bettee version of the pitch invasion video! ps: the jersey says thala(nickname of dhoni in Southern India)
msdhoni,Dhonis yo-yo test,2019-03-05 07:56:43,312,0,axkv1x,NihiloEx,70,Dhonis yo-yo test
msdhoni,Documentary on MS Dhoni - ‚ÄúRoar of the Lion‚Äù in the Pipeline,2019-03-06 07:03:53,2,0,axy32q,Yay_Yay_3780,0,Documentary on MS Dhoni - ‚ÄúRoar of the Lion‚Äù in the Pipeline
msdhoni,Funny thought : Why do we call some players by their first name and some by last name?,2019-03-05 22:48:52,7,0,axuc2g,PsychologicalLoad1,15,Funny thought : Why do we call some players by their first name and some by last name?
msdhoni,Raina names the ‚Äòideal batting position‚Äô for MS Dhoni,2019-03-06 06:30:36,0,0,axxttj,bdcrictime,3,Raina names the ‚Äòideal batting position‚Äô for MS Dhoni
msdhoni,India vs Australia: MS Dhoni plays hide and seek with the fan before the start of second innings,2019-03-05 12:43:30,0,0,axnw38,simbbbaaa,1,India vs Australia: MS Dhoni plays hide and seek with the fan before the start of second innings
msdhoni,How Can India Best Use MS Dhoni in The World Cup?,2019-03-02 21:06:32,20,0,awpayp,SepulchreOfAzrael,25,How Can India Best Use MS Dhoni in The World Cup?
msdhoni,Vintage MS Dhoni in World Cup 2019?,2019-03-02 09:49:46,0,0,awig3z,RohitSharma264,4,Vintage MS Dhoni in World Cup 2019?
msdhoni,MS Dhoni Injured,2019-03-01 06:58:58,34,0,aw42ea,RohitSharma264,21,MS Dhoni Injured
msdhoni,Where are Indias part-time bowlers?,2019-03-01 08:39:42,6,0,aw5017,justice-wargrave,6,Where are Indias part-time bowlers?
msdhoni,Dhoni‚Äôs response to Pant (IPL ad),2019-02-27 10:22:24,40,0,aveln4,okaywhat22,7,Dhoni‚Äôs response to Pant (IPL ad)
msdhoni,Dhoni,2019-02-27 11:42:48,14,0,avfgun,jedimomos,3,Dhoni
msdhoni,India vs Australia: MS Dhoni form in Bengaluru a cause of concern for Australia in 2nd T20I,2019-02-27 02:01:45,3,0,avahja,makeimpact,8,India vs Australia: MS Dhoni form in Bengaluru a cause of concern for Australia in 2nd T20I
msdhoni,Maxwell defends Dhoni‚Äôs slow strike-rate,2019-02-25 04:45:03,29,0,aujhrq,OzFootball,14,Maxwell defends Dhoni‚Äôs slow strike-rate
msdhoni,"How Does MS Dhoni Do In Chases? In this inteactive graph, you can select the year, target, position and result and see for yourself his waning since 2014 against high targets.",2019-02-24 19:15:22,59,0,auejfn,hganjoo153,23,"How Does MS Dhoni Do In Chases? In this inteactive graph, you can select the year, target, position and result and see for yourself his waning since 2014 against high targets."
msdhoni,Unusual Dhoni tactic receives support,2019-02-24 17:41:55,16,0,audlow,1stPhoton,20,Unusual Dhoni tactic receives support
msdhoni,CMV: There is no reason for Dhoni to play another T20I again.,2019-02-24 15:57:51,8,0,auchdx,iHaveFourSlowerBalls,7,CMV: There is no reason for Dhoni to play another T20I again.
msdhoni,Captains XII,2019-02-23 21:21:14,25,0,au37hz,Batman007700,15,Captains XII
msdhoni,Rishabh Pant sledging MS Dhoni in the IPL 2019 commercial. GGWP,2019-02-23 04:35:19,101,0,attqov,aravind318,48,Rishabh Pant sledging MS Dhoni in the IPL 2019 commercial. GGWP
msdhoni,Aussie players share their Dhoni memories,2019-02-23 08:18:12,6,0,atvf6k,sam-sepiol,0,Aussie players share their Dhoni memories
msdhoni,Exciting ODIs in the Windies...,2019-02-22 18:43:12,25,0,atokgc,Roflopter,7,Exciting ODIs in the Windies...
rgsharma,Match Thread: 2nd ODI - India Women v England Women,2019-02-24 21:36:41,19,0,aufvj8,CricketMatchBot,20,Match Thread: 2nd ODI - India Women v England Women
rgsharma,"Now after Rohit Sharma, Jasprit Bumrah is wearing jersey with VIJAY on the back. Whats going on?",2019-02-24 10:16:32,19,0,au8ug1,Devildev11,16,"Now after Rohit Sharma, Jasprit Bumrah is wearing jersey with VIJAY on the back. Whats going on?"
skraina,Yellow Strikers ‚Äì Suresh Raina‚Äôs team in iB Cricket Super Over League,2019-03-06 13:17:15,3,0,ay1yt5,imgcricketguard,1,Yellow Strikers ‚Äì Suresh Raina‚Äôs team in iB Cricket Super Over League
skraina,Suresh Raina becomes 1st Indian cricketer to get 8000 T20 runs,2019-02-26 02:30:19,34,0,auwnkd,madaboutsports,23,Suresh Raina becomes 1st Indian cricketer to get 8000 T20 runs
sdhawan,Anyone else concerned about Dhawan‚Äôs latest form?,2019-03-06 17:52:02,2,0,ay56sz,TheAndroidLaddie,1,Anyone else concerned about Dhawan‚Äôs latest form?
sdhawan,Patchy Dhawan could run risk of losing World Cup spot,2019-03-05 08:31:14,0,0,axl6i0,KingKthe9,5,Patchy Dhawan could run risk of losing World Cup spot
sdhawan,Tough luck Shikhar Dhawan today. Always thought if the balls touches the ground it‚Äôs not a catch.,2019-02-27 09:27:56,0,0,ave1pz,space_pirate65,9,Tough luck Shikhar Dhawan today. Always thought if the balls touches the ground it‚Äôs not a catch.
rajadeja,Sir Jadejas rocket throw gets Handscomb,2019-03-05 10:27:47,977,0,axmbz0,skepticallyskeptic1,162,Sir Jadejas rocket throw gets Handscomb
rajadeja,Kuldeep says he hasnt ousted Ashwin and Jadeja from the team,2019-03-04 08:43:53,21,0,ax79tt,guyhutookatit8,5,Kuldeep says he hasnt ousted Ashwin and Jadeja from the team
rajadeja,Australia WHAT ARE U DOING,2019-03-05 03:06:40,0,0,axipqv,jedimomos,3,Australia WHAT ARE U DOING
rajadeja,Ravindra Jadejas pitchmap today is the epitome of consistency.,2019-03-02 05:39:39,256,0,awgk1y,aravind318,32,Ravindra Jadejas pitchmap today is the epitome of consistency.
rajadeja,"You had one job, Jadeja!",2019-02-25 00:00:45,134,0,auh7z5,sajdx1,9,"You had one job, Jadeja!"
shoaibmalik,Match Thread: 16th Match - Islamabad United v Multan Sultans,2019-02-26 10:01:49,6,0,av0d7e,CricketMatchBot,25,Match Thread: 16th Match - Islamabad United v Multan Sultans
shoaibmalik,Shoaib Akhtar: How I delivered the fastest delivery in the world of 161.3kph,2019-02-24 09:33:48,52,0,au8gwo,tailendertripe,18,Shoaib Akhtar: How I delivered the fastest delivery in the world of 161.3kph
shoaibmalik,Your countrys all-time T20I XI made up of players who never played a T20I,2019-02-23 08:38:46,26,0,atvlaw,mojambowhatisthescen,20,Your countrys all-time T20I XI made up of players who never played a T20I
shoaibmalik,Shoaib Akhtar on Twitter: I completely deny the false news by Indian media about my statement on Indian cricket team / World Cup 2019. I did not make any statement at all and Indian media is making it up. I condemn the loss of lives. Both countries should come to the table to resolve the issues.,2019-02-21 10:05:17,9,0,at44ws,kutteykabacha,7,Shoaib Akhtar on Twitter: I completely deny the false news by Indian media about my statement on Indian cricket team / World Cup 2019. I did not make any statement at all and Indian media is making it up. I condemn the loss of lives. Both countries should come to the table to resolve the issues.
shoaibmalik,Shoaib Akhtar on statements by former Indian players Our job is to talk about cricket & not politics. When such things happen try to create bridges as a cricketer. Its very important as players to talk about things that bring about unity rather than making the situation worse,2019-02-21 12:24:04,0,0,at5rp4,kutteykabacha,26,Shoaib Akhtar on statements by former Indian players Our job is to talk about cricket & not politics. When such things happen try to create bridges as a cricketer. Its very important as players to talk about things that bring about unity rather than making the situation worse
mohammadhafeez,Match Thread: 26th Match - Islamabad United v Quetta Gladiators,2019-03-05 10:08:19,2,0,axm4wy,CricketMatchBot,19,Match Thread: 26th Match - Islamabad United v Quetta Gladiators
mohammadhafeez,Match Thread: 24th Match - Karachi Kings v Multan Sultans,2019-03-04 10:08:26,6,0,ax83zm,CricketMatchBot,14,Match Thread: 24th Match - Karachi Kings v Multan Sultans
mohammadhafeez,Match Thread: 21st Match - Islamabad United v Peshawar Zalmi,2019-03-01 05:34:48,9,0,aw3eg7,CricketMatchBot,32,Match Thread: 21st Match - Islamabad United v Peshawar Zalmi
mohammadhafeez,Match Thread: 22nd Match - Multan Sultans v Quetta Gladiators,2019-03-01 10:10:06,1,0,aw5y18,CricketMatchBot,18,Match Thread: 22nd Match - Multan Sultans v Quetta Gladiators
mohammadhafeez,Match Thread: 19th Match - Multan Sultans v Peshawar Zalmi,2019-02-28 05:35:44,7,0,avpol2,CricketMatchBot,11,Match Thread: 19th Match - Multan Sultans v Peshawar Zalmi
mohammadhafeez,Match Thread: 18th Match - Islamabad United v Karachi Kings,2019-02-27 10:07:06,7,0,avefut,CricketMatchBot,23,Match Thread: 18th Match - Islamabad United v Karachi Kings
mohammadhafeez,Match Thread: 2nd T20I - Afghanistan v Ireland,2019-02-23 07:08:46,49,0,atuuzg,CricketMatchBot,274,Match Thread: 2nd T20I - Afghanistan v Ireland
mohammadhafeez,Is Test Cricket really dying?,2019-02-23 13:18:18,1,0,atyapl,gobsmacked3,14,Is Test Cricket really dying?
mohammadhafeez,Match Thread: 11th Match - Islamabad United v Peshawar Zalmi,2019-02-22 10:09:35,19,0,atinp0,CricketMatchBot,72,Match Thread: 11th Match - Islamabad United v Peshawar Zalmi
mohammadhafeez,Match Thread: 9th Match - Karachi Kings v Peshawar Zalmi,2019-02-21 10:07:57,24,0,at45x7,CricketMatchBot,61,Match Thread: 9th Match - Karachi Kings v Peshawar Zalmi
mohammadhafeez,Match Thread: 1st T20I - Afghanistan v Ireland,2019-02-21 07:06:15,26,0,at2edy,CricketMatchBot,100,Match Thread: 1st T20I - Afghanistan v Ireland
mohammadhafeez,"Match Thread: New Zealand vs Bangladesh at University Oval, Dunedin (3rd ODI)",2019-02-19 16:48:22,70,0,asfvso,pringle_8642,810,"Match Thread: New Zealand vs Bangladesh at University Oval, Dunedin (3rd ODI)"
admathews,"Fun fact: The 2006/07 St. Josephs College school team contained four future test cricketers, Angelo Mathews, Thisara Perera, Dimuth Karunaratne and Roshen Silva.",2019-02-28 20:12:22,78,0,avynx8,FarmFun,9,"Fun fact: The 2006/07 St. Josephs College school team contained four future test cricketers, Angelo Mathews, Thisara Perera, Dimuth Karunaratne and Roshen Silva."
brmtaylor,Current ANZAC Test XI,2019-03-02 19:42:47,9,0,awojuv,fleetintelligence,14,Current ANZAC Test XI
brmtaylor,Ross Taylor wins batting performance of the year award,2019-02-26 04:08:59,56,0,auxe8d,silver565,7,Ross Taylor wins batting performance of the year award
brmtaylor,Taylor.,2019-02-26 06:21:33,9,0,auycr7,behind_th_glass,6,Taylor.
brmtaylor,60 days left until the due day for CWC 15 man squad announcement (last day = 23rd April 2019),2019-02-20 20:57:06,39,0,asx5ic,TaylorSwiftIsGod_01,39,60 days left until the due day for CWC 15 man squad announcement (last day = 23rd April 2019)
hmasakadza,Interesting Scorecards - All Out for 19,2019-03-02 01:53:50,7,0,awf0mb,Hikikomori79,1,Interesting Scorecards - All Out for 19
scwilliams,Kane Williamson has a chance to become test number 1 in NZ vs BAN test series!,2019-03-04 10:07:38,141,0,ax83p1,yashsq,60,Kane Williamson has a chance to become test number 1 in NZ vs BAN test series!
scwilliams,Kane Williamsons exceptional performance as test captain.,2019-03-02 23:36:32,173,0,awqjvo,coolseraz,23,Kane Williamsons exceptional performance as test captain.
scwilliams,Kane Williamson appreciation post - What a batsman he is! üòç,2019-03-01 20:48:38,998,0,awcgr9,ap_100,94,Kane Williamson appreciation post - What a batsman he is! üòç
scwilliams,Why did Kane Williamson declare so early?,2019-03-02 22:24:22,0,0,awpyse,Greenhaagen,9,Why did Kane Williamson declare so early?
scwilliams,"Match Thread: 1st Test - New Zealand v Bangladesh, Day 2",2019-02-28 17:04:34,87,0,avwq7p,CricketMatchBot,631,"Match Thread: 1st Test - New Zealand v Bangladesh, Day 2"
tamimiqbal,"Match Thread: 1st Test - New Zealand v Bangladesh, Day 1",2019-02-27 16:49:10,85,0,aviwub,CricketMatchBot,458,"Match Thread: 1st Test - New Zealand v Bangladesh, Day 1"
mahmudullah,"Bangladesh became the 10th nation to face 100,000 deliveries in test cricket over the weekend.",2019-03-04 00:35:06,64,0,ax3i85,ColonelFogsworth,14,"Bangladesh became the 10th nation to face 100,000 deliveries in test cricket over the weekend."
mahmudullah,Which test match had the highest number of centuries that didnt end in a draw?,2019-03-02 19:09:57,2,0,awo8bz,Snack_Sized_Denzel,6,Which test match had the highest number of centuries that didnt end in a draw?
mahmudullah,"Match Thread: 1st Test - New Zealand v Bangladesh, Day 3",2019-03-01 16:01:56,66,0,aw9oil,CricketMatchBot,702,"Match Thread: 1st Test - New Zealand v Bangladesh, Day 3"
wtsporterfield,An Irish Cricket Blueprint,2019-03-01 10:31:25,53,0,aw66f5,Aislabie,20,An Irish Cricket Blueprint
mohammadnabi,Kent sign Mohammed Nabi for T20 campaign,2019-02-28 06:17:10,18,0,avpzhn,Look_Alive,6,Kent sign Mohammed Nabi for T20 campaign
